name,sex,age,height,weight,description,combat_stats,lewd_stats,trade_skills,misc,pictures,fk_mainhand,fk_offhand,fk_head,fk_neck,fk_shoulder,fk_back,fk_chest,fk_shirt,fk_undershirt,fk_wrist,fk_hand,fk_waist,fk_underwear,fk_leg,fk_foot,fk_ring1,fk_ring2,fk_trinket1,fk_trinket2
Amberyl,F,24,66,141,A quick-witted woman with hidden motives. A bit brazen.,"{""base"": {""luck"": 30, ""magic"": 9, ""skill"": 10, ""speed"": 12, ""health"": 21, ""reflex"": 7, ""agility"": 7, ""defense"": 5, ""staminaCap"": 52,  ""staminaCurrent"": 52, ""movement"": 5, ""strength"": 7, ""resistance"": 8, ""constitution"": 5}, ""weaponSkill"": {""legs"":1,""1hAxe"":1,""2hAxe"":1,""flail"":1,""hands"":1,""lance"":1,""1hMace"":1,""2hMace"":1,""dagger"":10,""1hSword"":1,""2hSword"":1,""javelin"":1,""longbow"":1,""shortbow"":1,""recurveBow"":1,""unequipped"":10,""throwingAxe"":1,""throwingKnife"":1,""staff"":1    }}","{""static"":{""allure"":1,""charisma"":1,""libido"":2.5,""submissive"":true,""dominance"":1,""ovulationCycleLength"":28,""experience"":{""vaginal"":{""virgin"":true,""first"":""none"",""encounters"":0,""partners"":0},""anal"":{""virgin"":true,""first"":""none"",""encounters"":0,""partners"":0},""oralPitchMale"":{""virgin"":true,""first"":""none"",""encounters"":0,""partners"":0},""oralReceiveMale"":{""virgin"":true,""first"":""none"",""encounters"":0,""partners"":0},""oralPitchFemale"":{""virgin"":true,""first"":""none"",""encounters"":0,""partners"":0},""oralReceiveFemale"":{""virgin"":true,""first"":""none"",""encounters"":0,""partners"":0}},""whitefeather"":false,""attractedToBoys"":true,""attractedToGirls"":false},""dynamic"":{""lust"":0,""arousal"":0,""ovulationCycleCurrent"":0,""timeSince"":{""sex"":0,""orgasm"":0,""masturbation"":0,""kiss"":0,""embrace"":0,""fondle"":0,""massage"":0}},""sensitivity"":{""head"":1,""forehead"":1,""cheeks"":1,""lips"":1,""chin"":1,""neckNape"":1,""neckSide"":1,""throat"":1,""clavicle"":1,""breast"":1,""areola"":1,""nipple"":1,""shoulder"":1,""armUpper"":1,""armLower"":1,""wrist"":1,""handBack"":1,""handPalm"":1,""handFinger"":1,""sternum"":1,""bellyUpper"":1,""bellyButton"":1,""bellyLower"":1,""backUpper"":1,""backLower"":1,""oblique"":1,""iliacRegion"":1,""monsVenus"":1,""labiaMajora"":1,""labiaMinor"":1,""clitoris"":1,""urethra"":1,""vaginaShallow"":1,""vaginaDeep"":1,""perinium"":1,""buttockMain"":1,""buttockUnderside"":1,""anus"":1,""rectumShallow"":1,""rectumDeep"":1,""hips"":1,""thighInner"":1,""thighBack"":1,""thighFront"":1,""calf"":1,""kneeFront"":1,""kneeBack"":1,""ankle"":1,""footTop"":1,""footBottom"":1,""footToe"":1}  }","{""test1"": {""test1a"": 1}, ""test2"": {""test2a"": 2}}",{},"{""fullbodyDamaged"": ""resources/WhitefeatherPictures/Amberyl/amberyl_fullbody_damaged.png"", ""fullbodyStanding"": ""resources/WhitefeatherPictures/Amberyl/amberyl_fullbody_standing.png"", ""fullbodyAttacking"": ""resources/WhitefeatherPictures/Amberyl/amberyl_fullbody_attacking.png"", ""fullbodyAttackingSpecial"": ""resources/WhitefeatherPictures/Amberyl/amberyl_fullbody_attacking_special.png""}",318,302,303,304,305,306,307,308,300,309,310,311,301,312,313,314,315,316,317
Lyn,F,15,67,138,A young girl from the Lorca tribe. Stouthearted and kind.,"{""base"": {""luck"": 25, ""magic"": 7, ""skill"": 12, ""speed"": 15, ""health"": 22, ""reflex"": 11, ""agility"": 8, ""defense"": 3, ""staminaCap"": 53, ""staminaCurrent"": 53, ""movement"": 5, ""strength"": 8, ""resistance"": 3, ""constitution"": 5}, ""weaponSkill"": {""legs"":1,""1hAxe"":1,""2hAxe"":1,""flail"":1,""hands"":1,""lance"":1,""1hMace"":1,""2hMace"":1,""dagger"":10,""1hSword"":35,""2hSword"":1,""javelin"":1,""longbow"":1,""shortbow"":1,""recurveBow"":1,""unequipped"":10,""throwingAxe"":1,""throwingKnife"":1,""staff"":1      }}","{""static"":{""allure"":1,""charisma"":1,""libido"":1,""submissive"":true,""dominance"":1,""ovulationCycleLength"":28,""experience"":{""vaginal"":{""virgin"":true,""first"":""none"",""encounters"":0,""partners"":0},""anal"":{""virgin"":true,""first"":""none"",""encounters"":0,""partners"":0},""oralPitchMale"":{""virgin"":true,""first"":""none"",""encounters"":0,""partners"":0},""oralReceiveMale"":{""virgin"":true,""first"":""none"",""encounters"":0,""partners"":0},""oralPitchFemale"":{""virgin"":true,""first"":""none"",""encounters"":0,""partners"":0},""oralReceiveFemale"":{""virgin"":true,""first"":""none"",""encounters"":0,""partners"":0}},""whitefeather"":false,""attractedToBoys"":true,""attractedToGirls"":false},""dynamic"":{""lust"":0,""arousal"":0,""ovulationCycleCurrent"":0,""timeSince"":{""sex"":0,""orgasm"":0,""masturbation"":0,""kiss"":0,""embrace"":0,""fondle"":0,""massage"":0}},""sensitivity"":{""head"":1,""forehead"":1,""cheeks"":1,""lips"":1,""chin"":1,""neckNape"":1,""neckSide"":1,""throat"":1,""clavicle"":1,""breast"":1,""areola"":1,""nipple"":1,""shoulder"":1,""armUpper"":1,""armLower"":1,""wrist"":1,""handBack"":1,""handPalm"":1,""handFinger"":1,""sternum"":1,""bellyUpper"":1,""bellyButton"":1,""bellyLower"":1,""backUpper"":1,""backLower"":1,""oblique"":1,""iliacRegion"":1,""monsVenus"":1,""labiaMajora"":1,""labiaMinor"":1,""clitoris"":1,""urethra"":1,""vaginaShallow"":1,""vaginaDeep"":1,""perinium"":1,""buttockMain"":1,""buttockUnderside"":1,""anus"":1,""rectumShallow"":1,""rectumDeep"":1,""hips"":1,""thighInner"":1,""thighBack"":1,""thighFront"":1,""calf"":1,""kneeFront"":1,""kneeBack"":1,""ankle"":1,""footTop"":1,""footBottom"":1,""footToe"":1}  }",{},{},"{""fullbodyDamaged"": ""resources/WhitefeatherPictures/Lyn/lyn_fullbody_damaged.png"", ""fullbodyStanding"": ""resources/WhitefeatherPictures/Lyn/lyn_fullbody_standing.png"", ""fullbodyAttacking"": ""resources/WhitefeatherPictures/Lyn/lyn_fullbody_attacking.png"", ""fullbodyAttackingSpecial"": ""resources/WhitefeatherPictures/Lyn/lyn_fullbody_attacking_special.png""}",438,422,423,424,425,426,427,428,420,429,430,431,421,432,433,434,435,436,437
Sain,M,25,70,185,A knight in service to house Caelin. A bit of a scoundrel.,"{""base"": {""luck"": 17, ""magic"": 1, ""skill"": 10, ""speed"": 15, ""health"": 34, ""reflex"": 8, ""agility"": 12, ""defense"": 9, ""staminaCap"": 88, ""staminaCurrent"": 88, ""movement"": 7, ""strength"": 19, ""resistance"": 3, ""constitution"": 9}, ""weaponSkill"": {""legs"":35,""1hAxe"":1,""2hAxe"":1,""flail"":1,""hands"":35,""lance"":80,""1hMace"":1,""2hMace"":1,""dagger"":35,""1hSword"":100,""2hSword"":50,""javelin"":45,""longbow"":1,""shortbow"":1,""recurveBow"":1,""unequipped"":45,""throwingAxe"":1,""throwingKnife"":1 ,""staff"":10   }}","{""static"":{""allure"":1,""charisma"":1,""libido"":2,""submissive"":false,""dominance"":1,""experience"":{""consumate"":{""virgin"":true,""first"":""none"",""encounters"":0,""partners"":0},""oralPitchFemale"":{""virgin"":true,""first"":""none"",""encounters"":0,""partners"":0},""oralReceiveFemale"":{""virgin"":true,""first"":""none"",""encounters"":0,""partners"":0},""analPitchFemale"":{""virgin"":true,""first"":""none"",""encounters"":0,""partners"":0}},""attractedToBoys"":false,""attractedToGirls"":true},""dynamic"":{""lust"":0,""arousal"":0,""timeSince"":{""sex"":0,""orgasm"":0,""masturbation"":0,""kiss"":0,""embrace"":0,""fondle"":0,""massage"":0}},""sensitivity"":{""head"":1,""forehead"":1,""cheeks"":1,""lips"":1,""chin"":1,""neckNape"":1,""neckSide"":1,""throat"":1,""clavicle"":1,""breast"":1,""areola"":1,""nipple"":1,""shoulder"":1,""armUpper"":1,""armLower"":1,""wrist"":1,""handBack"":1,""handPalm"":1,""handFinger"":1,""sternum"":1,""bellyUpper"":1,""bellyButton"":1,""bellyLower"":1,""backUpper"":1,""backLower"":1,""oblique"":1,""iliacRegion"":1,""urethra"":1,""penisHead"":1,""penisHeadUnderside"":1,""penisShaft"":1,""penisShaftUnderside"":1,""testicles"":1,""perinium"":1,""buttockMain"":1,""buttockUnderside"":1,""anus"":1,""rectumShallow"":1,""rectumDeep"":1,""hip"":1,""thighInner"":1,""thighBack"":1,""thighFront"":1,""calf"":1,""kneeFront"":1,""kneeBack"":1,""ankle"":1,""footTop"":1,""footBottom"":1,""footToe"":1}  }",{},{},"{""fullbodyDamaged"": ""resources/WhitefeatherPictures/Sain/sain_fullbody_damaged.png"", ""fullbodyStanding"": ""resources/WhitefeatherPictures/Sain/sain_fullbody_standing.png"", ""fullbodyAttacking"": ""resources/WhitefeatherPictures/Sain/sain_fullbody_attacking.png"", ""fullbodyAttackingSpecial"": ""resources/WhitefeatherPictures/Sain/sain_fullbody_attacking_special.png""}",558,542,543,544,545,546,547,548,540,549,550,551,541,552,553,554,555,556,557
Kent,M,25,70,180,A knight in service to house Caelin. Virtuous to a fault.,"{""base"": {""luck"": 9, ""magic"": 4, ""skill"": 15, ""speed"": 16, ""health"": 36, ""reflex"": 12, ""agility"": 11, ""defense"": 9, ""staminaCap"": 90, ""staminaCurrent"": 90, ""movement"": 7, ""strength"": 13, ""resistance"": 5, ""constitution"": 9}, ""weaponSkill"": {""legs"":35,""1hAxe"":1,""2hAxe"":1,""flail"":1,""hands"":35,""lance"":80,""1hMace"":1,""2hMace"":1,""dagger"":35,""1hSword"":100,""2hSword"":50,""javelin"":45,""longbow"":1,""shortbow"":1,""recurveBow"":1,""unequipped"":45,""throwingAxe"":1,""throwingKnife"":1,""staff"":10    }}","{""static"":{""allure"":1,""charisma"":1,""libido"":1,""submissive"":false,""dominance"":1,""experience"":{""consumate"":{""virgin"":true,""first"":""none"",""encounters"":0,""partners"":0},""oralPitchFemale"":{""virgin"":true,""first"":""none"",""encounters"":0,""partners"":0},""oralReceiveFemale"":{""virgin"":true,""first"":""none"",""encounters"":0,""partners"":0},""analPitchFemale"":{""virgin"":true,""first"":""none"",""encounters"":0,""partners"":0}},""attractedToBoys"":false,""attractedToGirls"":true},""dynamic"":{""lust"":0,""arousal"":0,""timeSince"":{""sex"":0,""orgasm"":0,""masturbation"":0,""kiss"":0,""embrace"":0,""fondle"":0,""massage"":0}},""sensitivity"":{""head"":1,""forehead"":1,""cheeks"":1,""lips"":1,""chin"":1,""neckNape"":1,""neckSide"":1,""throat"":1,""clavicle"":1,""breast"":1,""areola"":1,""nipple"":1,""shoulder"":1,""armUpper"":1,""armLower"":1,""wrist"":1,""handBack"":1,""handPalm"":1,""handFinger"":1,""sternum"":1,""bellyUpper"":1,""bellyButton"":1,""bellyLower"":1,""backUpper"":1,""backLower"":1,""oblique"":1,""iliacRegion"":1,""urethra"":1,""penisHead"":1,""penisHeadUnderside"":1,""penisShaft"":1,""penisShaftUnderside"":1,""testicles"":1,""perinium"":1,""buttockMain"":1,""buttockUnderside"":1,""anus"":1,""rectumShallow"":1,""rectumDeep"":1,""hip"":1,""thighInner"":1,""thighBack"":1,""thighFront"":1,""calf"":1,""kneeFront"":1,""kneeBack"":1,""ankle"":1,""footTop"":1,""footBottom"":1,""footToe"":1}  }",{},{},"{""fullbodyDamaged"": ""resources/WhitefeatherPictures/Kent/kent_fullbody_damaged.png"", ""fullbodyStanding"": ""resources/WhitefeatherPictures/Kent/kent_fullbody_standing.png"", ""fullbodyAttacking"": ""resources/WhitefeatherPictures/Kent/kent_fullbody_attacking.png"", ""fullbodyAttackingSpecial"": ""resources/WhitefeatherPictures/Kent/kent_fullbody_attacking_special.png""}",398,382,383,384,385,386,387,388,380,389,390,391,381,392,393,394,395,396,397
Florina,F,14,63,111,A pegasus knight earning her title. A friend of Lyn's.,"{""base"": {""luck"": 26, ""magic"": 8, ""skill"": 11, ""speed"": 13, ""health"": 22, ""reflex"": 8, ""agility"": 8, ""defense"": 5, ""staminaCap"": 47, ""staminaCurrent"": 47, ""movement"": 5, ""strength"": 6, ""resistance"": 7, ""constitution"": 4}, ""weaponSkill"": {""legs"":1,""1hAxe"":1,""2hAxe"":1,""flail"":1,""hands"":1,""lance"":45,""1hMace"":1,""2hMace"":1,""dagger"":10,""1hSword"":1,""2hSword"":1,""javelin"":25,""longbow"":1,""shortbow"":15,""recurveBow"":1,""unequipped"":10,""throwingAxe"":1,""throwingKnife"":1,""staff"":1     }}","{""static"":{""allure"":1,""charisma"":1,""libido"":1.3,""submissive"":true,""dominance"":1,""ovulationCycleLength"":28,""experience"":{""vaginal"":{""virgin"":true,""first"":""none"",""encounters"":0,""partners"":0},""anal"":{""virgin"":true,""first"":""none"",""encounters"":0,""partners"":0},""oralPitchMale"":{""virgin"":true,""first"":""none"",""encounters"":0,""partners"":0},""oralReceiveMale"":{""virgin"":true,""first"":""none"",""encounters"":0,""partners"":0},""oralPitchFemale"":{""virgin"":true,""first"":""none"",""encounters"":0,""partners"":0},""oralReceiveFemale"":{""virgin"":true,""first"":""none"",""encounters"":0,""partners"":0}},""whitefeather"":false,""attractedToBoys"":true,""attractedToGirls"":false},""dynamic"":{""lust"":0,""arousal"":0,""ovulationCycleCurrent"":0,""timeSince"":{""sex"":0,""orgasm"":0,""masturbation"":0,""kiss"":0,""embrace"":0,""fondle"":0,""massage"":0}},""sensitivity"":{""head"":1,""forehead"":1,""cheeks"":1,""lips"":1,""chin"":1,""neckNape"":1,""neckSide"":1,""throat"":1,""clavicle"":1,""breast"":1,""areola"":1,""nipple"":1,""shoulder"":1,""armUpper"":1,""armLower"":1,""wrist"":1,""handBack"":1,""handPalm"":1,""handFinger"":1,""sternum"":1,""bellyUpper"":1,""bellyButton"":1,""bellyLower"":1,""backUpper"":1,""backLower"":1,""oblique"":1,""iliacRegion"":1,""monsVenus"":1,""labiaMajora"":1,""labiaMinor"":1,""clitoris"":1,""urethra"":1,""vaginaShallow"":1,""vaginaDeep"":1,""perinium"":1,""buttockMain"":1,""buttockUnderside"":1,""anus"":1,""rectumShallow"":1,""rectumDeep"":1,""hips"":1,""thighInner"":1,""thighBack"":1,""thighFront"":1,""calf"":1,""kneeFront"":1,""kneeBack"":1,""ankle"":1,""footTop"":1,""footBottom"":1,""footToe"":1}  }",{},{},"{""fullbodyDamaged"": ""resources/WhitefeatherPictures/Florina/florina_fullbody_damaged.png"", ""fullbodyStanding"": ""resources/WhitefeatherPictures/Florina/florina_fullbody_standing.png"", ""fullbodyAttacking"": ""resources/WhitefeatherPictures/Florina/florina_fullbody_attacking.png"", ""fullbodyAttackingSpecial"": ""resources/WhitefeatherPictures/Florina/florina_fullbody_attacking_special.png""}",378,362,363,364,365,366,367,368,360,369,370,371,361,372,373,374,375,376,377
Wil,M,17,69,163,"A youth from Pherae, in the Lycian League. Very social.","{""base"": {""luck"": 20, ""magic"": 3, ""skill"": 14, ""speed"": 14, ""health"": 33, ""reflex"": 10, ""agility"": 10, ""defense"": 8, ""staminaCap"": 71, ""staminaCurrent"": 71, ""movement"": 5, ""strength"": 15, ""resistance"": 4, ""constitution"": 6}, ""weaponSkill"": {""legs"": 0, ""1hAxe"": 0, ""2hAxe"": 0, ""flail"": 0, ""hands"": 0, ""lance"": 0, ""1hMace"": 0, ""2hMace"": 0, ""dagger"": 0, ""1hSword"": 0, ""2hSword"": 0, ""javelin"": 0, ""longbow"": 0, ""shortbow"": 0, ""recurveBow"": 0, ""unequipped"": 1, ""throwingAxe"": 0, ""throwingKnife"": 0,""staff"":1 }}","{""static"":{""allure"":1,""charisma"":1.5,""libido"":1,""submissive"":false,""dominance"":1,""experience"":{""consumate"":{""virgin"":true,""first"":""none"",""encounters"":0,""partners"":0},""oralPitchFemale"":{""virgin"":true,""first"":""none"",""encounters"":0,""partners"":0},""oralReceiveFemale"":{""virgin"":true,""first"":""none"",""encounters"":0,""partners"":0},""analPitchFemale"":{""virgin"":true,""first"":""none"",""encounters"":0,""partners"":0}},""attractedToBoys"":false,""attractedToGirls"":true},""dynamic"":{""lust"":0,""arousal"":0,""timeSince"":{""sex"":0,""orgasm"":0,""masturbation"":0,""kiss"":0,""embrace"":0,""fondle"":0,""massage"":0}},""sensitivity"":{""head"":1,""forehead"":1,""cheeks"":1,""lips"":1,""chin"":1,""neckNape"":1,""neckSide"":1,""throat"":1,""clavicle"":1,""breast"":1,""areola"":1,""nipple"":1,""shoulder"":1,""armUpper"":1,""armLower"":1,""wrist"":1,""handBack"":1,""handPalm"":1,""handFinger"":1,""sternum"":1,""bellyUpper"":1,""bellyButton"":1,""bellyLower"":1,""backUpper"":1,""backLower"":1,""oblique"":1,""iliacRegion"":1,""urethra"":1,""penisHead"":1,""penisHeadUnderside"":1,""penisShaft"":1,""penisShaftUnderside"":1,""testicles"":1,""perinium"":1,""buttockMain"":1,""buttockUnderside"":1,""anus"":1,""rectumShallow"":1,""rectumDeep"":1,""hip"":1,""thighInner"":1,""thighBack"":1,""thighFront"":1,""calf"":1,""kneeFront"":1,""kneeBack"":1,""ankle"":1,""footTop"":1,""footBottom"":1,""footToe"":1}  }",{},{},"{""fullbodyDamaged"": ""resources/WhitefeatherPictures/Wil/wil_fullbody_damaged.png"", ""fullbodyStanding"": ""resources/WhitefeatherPictures/Wil/wil_fullbody_standing.png"", ""fullbodyAttacking"": ""resources/WhitefeatherPictures/Wil/wil_fullbody_attacking.png"", ""fullbodyAttackingSpecial"": ""resources/WhitefeatherPictures/Wil/wil_fullbody_attacking_special.png""}",638,622,623,624,625,626,627,628,620,629,630,631,621,632,633,634,635,636,637
Dorcas,M,32,74,231,A man from a small village in Bern. Fights for his wife.,"{""base"": {""luck"": 17, ""magic"": 2, ""skill"": 9, ""speed"": 15, ""health"": 43, ""reflex"": 8, ""agility"": 8, ""defense"": 7, ""staminaCap"": 123, ""staminaCurrent"": 123, ""movement"": 5, ""strength"": 22, ""resistance"": 2, ""constitution"": 14}, ""weaponSkill"": {""legs"": 0, ""1hAxe"": 0, ""2hAxe"": 0, ""flail"": 0, ""hands"": 0, ""lance"": 0, ""1hMace"": 0, ""2hMace"": 0, ""dagger"": 0, ""1hSword"": 0, ""2hSword"": 0, ""javelin"": 0, ""longbow"": 0, ""shortbow"": 0, ""recurveBow"": 0, ""unequipped"": 1, ""throwingAxe"": 0, ""throwingKnife"": 0,""staff"":1 }}","{""static"":{""allure"":1,""charisma"":1.5,""libido"":1,""submissive"":false,""dominance"":1,""experience"":{""consumate"":{""virgin"":true,""first"":""none"",""encounters"":0,""partners"":0},""oralPitchFemale"":{""virgin"":true,""first"":""none"",""encounters"":0,""partners"":0},""oralReceiveFemale"":{""virgin"":true,""first"":""none"",""encounters"":0,""partners"":0},""analPitchFemale"":{""virgin"":true,""first"":""none"",""encounters"":0,""partners"":0}},""attractedToBoys"":false,""attractedToGirls"":true},""dynamic"":{""lust"":0,""arousal"":0,""timeSince"":{""sex"":0,""orgasm"":0,""masturbation"":0,""kiss"":0,""embrace"":0,""fondle"":0,""massage"":0}},""sensitivity"":{""head"":1,""forehead"":1,""cheeks"":1,""lips"":1,""chin"":1,""neckNape"":1,""neckSide"":1,""throat"":1,""clavicle"":1,""breast"":1,""areola"":1,""nipple"":1,""shoulder"":1,""armUpper"":1,""armLower"":1,""wrist"":1,""handBack"":1,""handPalm"":1,""handFinger"":1,""sternum"":1,""bellyUpper"":1,""bellyButton"":1,""bellyLower"":1,""backUpper"":1,""backLower"":1,""oblique"":1,""iliacRegion"":1,""urethra"":1,""penisHead"":1,""penisHeadUnderside"":1,""penisShaft"":1,""penisShaftUnderside"":1,""testicles"":1,""perinium"":1,""buttockMain"":1,""buttockUnderside"":1,""anus"":1,""rectumShallow"":1,""rectumDeep"":1,""hip"":1,""thighInner"":1,""thighBack"":1,""thighFront"":1,""calf"":1,""kneeFront"":1,""kneeBack"":1,""ankle"":1,""footTop"":1,""footBottom"":1,""footToe"":1}  }",{},{},"{""fullbodyDamaged"": ""resources/WhitefeatherPictures/Dorcas/dorcas_fullbody_damaged.png"", ""fullbodyStanding"": ""resources/WhitefeatherPictures/Dorcas/dorcas_fullbody_standing.png"", ""fullbodyAttacking"": ""resources/WhitefeatherPictures/Dorcas/dorcas_fullbody_attacking.png"", ""fullbodyAttackingSpecial"": ""resources/WhitefeatherPictures/Dorcas/dorcas_fullbody_attacking_special.png""}",338,322,323,324,325,326,327,328,320,329,330,331,321,332,333,334,335,336,337
Serra,F,16,65,126,A cleric in service to House Ostia. Headstrong and bold.,"{""base"": {""luck"": 28, ""magic"": 12, ""skill"": 7, ""speed"": 11, ""health"": 21, ""reflex"": 5, ""agility"": 6, ""defense"": 3, ""staminaCap"": 46, ""staminaCurrent"": 46, ""movement"": 5, ""strength"": 6, ""resistance"": 9, ""constitution"": 4}, ""weaponSkill"": {""legs"":1,""1hAxe"":1,""2hAxe"":1,""flail"":1,""hands"":1,""lance"":1,""1hMace"":1,""2hMace"":1,""dagger"":10,""1hSword"":35,""2hSword"":1,""javelin"":1,""longbow"":1,""shortbow"":1,""recurveBow"":1,""unequipped"":10,""throwingAxe"":1,""throwingKnife"":1,""staff"":30    }}","{""static"":{""allure"":1,""charisma"":2,""libido"":1,""submissive"":true,""dominance"":1,""ovulationCycleLength"":28,""experience"":{""vaginal"":{""virgin"":true,""first"":""none"",""encounters"":0,""partners"":0},""anal"":{""virgin"":true,""first"":""none"",""encounters"":0,""partners"":0},""oralPitchMale"":{""virgin"":true,""first"":""none"",""encounters"":0,""partners"":0},""oralReceiveMale"":{""virgin"":true,""first"":""none"",""encounters"":0,""partners"":0},""oralPitchFemale"":{""virgin"":true,""first"":""none"",""encounters"":0,""partners"":0},""oralReceiveFemale"":{""virgin"":true,""first"":""none"",""encounters"":0,""partners"":0}},""whitefeather"":false,""attractedToBoys"":true,""attractedToGirls"":false},""dynamic"":{""lust"":0,""arousal"":0,""ovulationCycleCurrent"":0,""timeSince"":{""sex"":0,""orgasm"":0,""masturbation"":0,""kiss"":0,""embrace"":0,""fondle"":0,""massage"":0}},""sensitivity"":{""head"":1,""forehead"":1,""cheeks"":1,""lips"":1,""chin"":1,""neckNape"":1,""neckSide"":1,""throat"":1,""clavicle"":1,""breast"":1,""areola"":1,""nipple"":1,""shoulder"":1,""armUpper"":1,""armLower"":1,""wrist"":1,""handBack"":1,""handPalm"":1,""handFinger"":1,""sternum"":1,""bellyUpper"":1,""bellyButton"":1,""bellyLower"":1,""backUpper"":1,""backLower"":1,""oblique"":1,""iliacRegion"":1,""monsVenus"":1,""labiaMajora"":1,""labiaMinor"":1,""clitoris"":1,""urethra"":1,""vaginaShallow"":1,""vaginaDeep"":1,""perinium"":1,""buttockMain"":1,""buttockUnderside"":1,""anus"":1,""rectumShallow"":1,""rectumDeep"":1,""hips"":1,""thighInner"":1,""thighBack"":1,""thighFront"":1,""calf"":1,""kneeFront"":1,""kneeBack"":1,""ankle"":1,""footTop"":1,""footBottom"":1,""footToe"":1}  }",{},{},"{""fullbodyDamaged"": ""resources/WhitefeatherPictures/Serra/serra_fullbody_damaged.png"", ""fullbodyStanding"": ""resources/WhitefeatherPictures/Serra/serra_fullbody_standing.png"", ""fullbodyAttacking"": ""resources/WhitefeatherPictures/Serra/serra_fullbody_attacking.png"", ""fullbodyAttackingSpecial"": ""resources/WhitefeatherPictures/Serra/serra_fullbody_attacking_special.png""}",598,582,583,584,585,586,587,588,580,589,590,591,581,592,593,594,595,596,597
Erk,M,15,67,146,"A young mage from Etruria. Charming, but uptight.","{""base"": {""luck"": 14, ""magic"": 15, ""skill"": 13, ""speed"": 16, ""health"": 29, ""reflex"": 11, ""agility"": 12, ""defense"": 5, ""staminaCap"": 61, ""staminaCurrent"": 61, ""movement"": 5, ""strength"": 7, ""resistance"": 11, ""constitution"": 5}, ""weaponSkill"": {""legs"": 0, ""1hAxe"": 0, ""2hAxe"": 0, ""flail"": 0, ""hands"": 0, ""lance"": 0, ""1hMace"": 0, ""2hMace"": 0, ""dagger"": 0, ""1hSword"": 0, ""2hSword"": 0, ""javelin"": 0, ""longbow"": 0, ""shortbow"": 0, ""recurveBow"": 0, ""unequipped"": 1, ""throwingAxe"": 0, ""throwingKnife"": 0,""staff"":15}}","{""static"":{""allure"":1,""charisma"":1.8,""libido"":1,""submissive"":false,""dominance"":1,""experience"":{""consumate"":{""virgin"":true,""first"":""none"",""encounters"":0,""partners"":0},""oralPitchFemale"":{""virgin"":true,""first"":""none"",""encounters"":0,""partners"":0},""oralReceiveFemale"":{""virgin"":true,""first"":""none"",""encounters"":0,""partners"":0},""analPitchFemale"":{""virgin"":true,""first"":""none"",""encounters"":0,""partners"":0}},""attractedToBoys"":false,""attractedToGirls"":true},""dynamic"":{""lust"":0,""arousal"":0,""timeSince"":{""sex"":0,""orgasm"":0,""masturbation"":0,""kiss"":0,""embrace"":0,""fondle"":0,""massage"":0}},""sensitivity"":{""head"":1,""forehead"":1,""cheeks"":1,""lips"":1,""chin"":1,""neckNape"":1,""neckSide"":1,""throat"":1,""clavicle"":1,""breast"":1,""areola"":1,""nipple"":1,""shoulder"":1,""armUpper"":1,""armLower"":1,""wrist"":1,""handBack"":1,""handPalm"":1,""handFinger"":1,""sternum"":1,""bellyUpper"":1,""bellyButton"":1,""bellyLower"":1,""backUpper"":1,""backLower"":1,""oblique"":1,""iliacRegion"":1,""urethra"":1,""penisHead"":1,""penisHeadUnderside"":1,""penisShaft"":1,""penisShaftUnderside"":1,""testicles"":1,""perinium"":1,""buttockMain"":1,""buttockUnderside"":1,""anus"":1,""rectumShallow"":1,""rectumDeep"":1,""hip"":1,""thighInner"":1,""thighBack"":1,""thighFront"":1,""calf"":1,""kneeFront"":1,""kneeBack"":1,""ankle"":1,""footTop"":1,""footBottom"":1,""footToe"":1}  }",{},{},"{""fullbodyDamaged"": ""resources/WhitefeatherPictures/Erk/erk_fullbody_damaged.png"", ""fullbodyStanding"": ""resources/WhitefeatherPictures/Erk/erk_fullbody_standing.png"", ""fullbodyAttacking"": ""resources/WhitefeatherPictures/Erk/erk_fullbody_attacking.png"", ""fullbodyAttackingSpecial"": ""resources/WhitefeatherPictures/Erk/erk_fullbody_attacking_special.png""}",358,342,343,344,345,346,347,348,340,349,350,351,341,352,353,354,355,356,357
Rath,M,18,70,167,A young hired sword from the Kutolah tribe.,"{""base"": {""luck"": 14, ""magic"": 3, ""skill"": 14, ""speed"": 16, ""health"": 35, ""reflex"": 12, ""agility"": 12, ""defense"": 8, ""staminaCap"": 84, ""staminaCurrent"": 84, ""movement"": 7, ""strength"": 14, ""resistance"": 5, ""constitution"": 8}, ""weaponSkill"": {""legs"": 0, ""1hAxe"": 0, ""2hAxe"": 0, ""flail"": 0, ""hands"": 0, ""lance"": 0, ""1hMace"": 0, ""2hMace"": 0, ""dagger"": 0, ""1hSword"": 0, ""2hSword"": 0, ""javelin"": 0, ""longbow"": 0, ""shortbow"": 0, ""recurveBow"": 0, ""unequipped"": 1, ""throwingAxe"": 0, ""throwingKnife"": 0,""staff"":15}}","{""static"":{""allure"":1,""charisma"":0.8,""libido"":1,""submissive"":false,""dominance"":1,""experience"":{""consumate"":{""virgin"":true,""first"":""none"",""encounters"":0,""partners"":0},""oralPitchFemale"":{""virgin"":true,""first"":""none"",""encounters"":0,""partners"":0},""oralReceiveFemale"":{""virgin"":true,""first"":""none"",""encounters"":0,""partners"":0},""analPitchFemale"":{""virgin"":true,""first"":""none"",""encounters"":0,""partners"":0}},""attractedToBoys"":false,""attractedToGirls"":true},""dynamic"":{""lust"":0,""arousal"":0,""timeSince"":{""sex"":0,""orgasm"":0,""masturbation"":0,""kiss"":0,""embrace"":0,""fondle"":0,""massage"":0}},""sensitivity"":{""head"":1,""forehead"":1,""cheeks"":1,""lips"":1,""chin"":1,""neckNape"":1,""neckSide"":1,""throat"":1,""clavicle"":1,""breast"":1,""areola"":1,""nipple"":1,""shoulder"":1,""armUpper"":1,""armLower"":1,""wrist"":1,""handBack"":1,""handPalm"":1,""handFinger"":1,""sternum"":1,""bellyUpper"":1,""bellyButton"":1,""bellyLower"":1,""backUpper"":1,""backLower"":1,""oblique"":1,""iliacRegion"":1,""urethra"":1,""penisHead"":1,""penisHeadUnderside"":1,""penisShaft"":1,""penisShaftUnderside"":1,""testicles"":1,""perinium"":1,""buttockMain"":1,""buttockUnderside"":1,""anus"":1,""rectumShallow"":1,""rectumDeep"":1,""hip"":1,""thighInner"":1,""thighBack"":1,""thighFront"":1,""calf"":1,""kneeFront"":1,""kneeBack"":1,""ankle"":1,""footTop"":1,""footBottom"":1,""footToe"":1}  }",{},{},"{""fullbodyDamaged"": ""resources/WhitefeatherPictures/Rath/rath_fullbody_damaged.png"", ""fullbodyStanding"": ""resources/WhitefeatherPictures/Rath/rath_fullbody_standing.png"", ""fullbodyAttacking"": ""resources/WhitefeatherPictures/Rath/rath_fullbody_attacking.png"", ""fullbodyAttackingSpecial"": ""resources/WhitefeatherPictures/Rath/rath_fullbody_attacking_special.png""}",538,522,523,524,525,526,527,528,520,529,530,531,521,532,533,534,535,536,537
Matthew,M,25,69,162,A cheery thief. His casual demeanor belies his skill.,"{""base"": {""luck"": 20, ""magic"": 4, ""skill"": 11, ""speed"": 23, ""health"": 31, ""reflex"": 11, ""agility"": 14, ""defense"": 7, ""staminaCap"": 74, ""staminaCurrent"": 74, ""movement"": 6, ""strength"": 9, ""resistance"": 3, ""constitution"": 7}, ""weaponSkill"": {""legs"": 0, ""1hAxe"": 0, ""2hAxe"": 0, ""flail"": 0, ""hands"": 0, ""lance"": 0, ""1hMace"": 0, ""2hMace"": 0, ""dagger"": 0, ""1hSword"": 0, ""2hSword"": 0, ""javelin"": 0, ""longbow"": 0, ""shortbow"": 0, ""recurveBow"": 0, ""unequipped"": 1, ""throwingAxe"": 0, ""throwingKnife"": 0,""staff"":10}}","{""static"":{""allure"":1,""charisma"":1,""libido"":1.7,""submissive"":false,""dominance"":1,""experience"":{""consumate"":{""virgin"":true,""first"":""none"",""encounters"":0,""partners"":0},""oralPitchFemale"":{""virgin"":true,""first"":""none"",""encounters"":0,""partners"":0},""oralReceiveFemale"":{""virgin"":true,""first"":""none"",""encounters"":0,""partners"":0},""analPitchFemale"":{""virgin"":true,""first"":""none"",""encounters"":0,""partners"":0}},""attractedToBoys"":false,""attractedToGirls"":true},""dynamic"":{""lust"":0,""arousal"":0,""timeSince"":{""sex"":0,""orgasm"":0,""masturbation"":0,""kiss"":0,""embrace"":0,""fondle"":0,""massage"":0}},""sensitivity"":{""head"":1,""forehead"":1,""cheeks"":1,""lips"":1,""chin"":1,""neckNape"":1,""neckSide"":1,""throat"":1,""clavicle"":1,""breast"":1,""areola"":1,""nipple"":1,""shoulder"":1,""armUpper"":1,""armLower"":1,""wrist"":1,""handBack"":1,""handPalm"":1,""handFinger"":1,""sternum"":1,""bellyUpper"":1,""bellyButton"":1,""bellyLower"":1,""backUpper"":1,""backLower"":1,""oblique"":1,""iliacRegion"":1,""urethra"":1,""penisHead"":1,""penisHeadUnderside"":1,""penisShaft"":1,""penisShaftUnderside"":1,""testicles"":1,""perinium"":1,""buttockMain"":1,""buttockUnderside"":1,""anus"":1,""rectumShallow"":1,""rectumDeep"":1,""hip"":1,""thighInner"":1,""thighBack"":1,""thighFront"":1,""calf"":1,""kneeFront"":1,""kneeBack"":1,""ankle"":1,""footTop"":1,""footBottom"":1,""footToe"":1}  }",{},{},"{""fullbodyDamaged"": ""resources/WhitefeatherPictures/Matthew/matthew_fullbody_damaged.png"", ""fullbodyStanding"": ""resources/WhitefeatherPictures/Matthew/matthew_fullbody_standing.png"", ""fullbodyAttacking"": ""resources/WhitefeatherPictures/Matthew/matthew_fullbody_attacking.png"", ""fullbodyAttackingSpecial"": ""resources/WhitefeatherPictures/Matthew/matthew_fullbody_attacking_special.png""}",458,442,443,444,445,446,447,448,440,449,450,451,441,452,453,454,455,456,457
Nils,M,1000,62,117,A bard possessing arcane powers. Brother of Ninian.,"{""base"": {""luck"": 25, ""magic"": 5, ""skill"": 4, ""speed"": 25, ""health"": 20, ""reflex"": 16, ""agility"": 10, ""defense"": 4, ""staminaCap"": 48, ""staminaCurrent"": 48, ""movement"": 5, ""strength"": 4, ""resistance"": 4, ""constitution"": 3}, ""weaponSkill"": {""legs"": 0, ""1hAxe"": 0, ""2hAxe"": 0, ""flail"": 0, ""hands"": 0, ""lance"": 0, ""1hMace"": 0, ""2hMace"": 0, ""dagger"": 0, ""1hSword"": 0, ""2hSword"": 0, ""javelin"": 0, ""longbow"": 0, ""shortbow"": 0, ""recurveBow"": 0, ""unequipped"": 1, ""throwingAxe"": 0, ""throwingKnife"": 0,""staff"":10}}","{""static"":{""allure"":1,""charisma"":1,""libido"":0.3,""submissive"":false,""dominance"":1,""experience"":{""consumate"":{""virgin"":true,""first"":""none"",""encounters"":0,""partners"":0},""oralPitchFemale"":{""virgin"":true,""first"":""none"",""encounters"":0,""partners"":0},""oralReceiveFemale"":{""virgin"":true,""first"":""none"",""encounters"":0,""partners"":0},""analPitchFemale"":{""virgin"":true,""first"":""none"",""encounters"":0,""partners"":0}},""attractedToBoys"":false,""attractedToGirls"":true},""dynamic"":{""lust"":0,""arousal"":0,""timeSince"":{""sex"":0,""orgasm"":0,""masturbation"":0,""kiss"":0,""embrace"":0,""fondle"":0,""massage"":0}},""sensitivity"":{""head"":1,""forehead"":1,""cheeks"":1,""lips"":1,""chin"":1,""neckNape"":1,""neckSide"":1,""throat"":1,""clavicle"":1,""breast"":1,""areola"":1,""nipple"":1,""shoulder"":1,""armUpper"":1,""armLower"":1,""wrist"":1,""handBack"":1,""handPalm"":1,""handFinger"":1,""sternum"":1,""bellyUpper"":1,""bellyButton"":1,""bellyLower"":1,""backUpper"":1,""backLower"":1,""oblique"":1,""iliacRegion"":1,""urethra"":1,""penisHead"":1,""penisHeadUnderside"":1,""penisShaft"":1,""penisShaftUnderside"":1,""testicles"":1,""perinium"":1,""buttockMain"":1,""buttockUnderside"":1,""anus"":1,""rectumShallow"":1,""rectumDeep"":1,""hip"":1,""thighInner"":1,""thighBack"":1,""thighFront"":1,""calf"":1,""kneeFront"":1,""kneeBack"":1,""ankle"":1,""footTop"":1,""footBottom"":1,""footToe"":1}  }",{},{},"{""fullbodyDamaged"": ""resources/WhitefeatherPictures/Nils/nils_fullbody_damaged.png"", ""fullbodyStanding"": ""resources/WhitefeatherPictures/Nils/nils_fullbody_standing.png"", ""fullbodyAttacking"": ""resources/WhitefeatherPictures/Nils/nils_fullbody_attacking.png"", ""fullbodyAttackingSpecial"": ""resources/WhitefeatherPictures/Nils/nils_fullbody_attacking_special.png""}",498,482,483,484,485,486,487,488,480,489,490,491,481,492,493,494,495,496,497
Ninian,F,1000,66,134,"A somber girl. Quiet, but filled with a solemn energy.","{""base"": {""luck"": 25, ""magic"": 7, ""skill"": 5, ""speed"": 18, ""health"": 21, ""reflex"": 13, ""agility"": 7, ""defense"": 7, ""staminaCap"": 46, ""staminaCurrent"": 46, ""movement"": 5, ""strength"": 3, ""resistance"": 10, ""constitution"": 4}, ""weaponSkill"": {""legs"": 0, ""1hAxe"": 0, ""2hAxe"": 0, ""flail"": 0, ""hands"": 0, ""lance"": 0, ""1hMace"": 0, ""2hMace"": 0, ""dagger"": 0, ""1hSword"": 0, ""2hSword"": 0, ""javelin"": 0, ""longbow"": 0, ""shortbow"": 0, ""recurveBow"": 0, ""unequipped"": 1, ""throwingAxe"": 0, ""throwingKnife"": 0,""staff"":1}}","{""static"":{""allure"":1,""charisma"":1,""libido"":0.5,""submissive"":true,""dominance"":1,""ovulationCycleLength"":28,""experience"":{""vaginal"":{""virgin"":true,""first"":""none"",""encounters"":0,""partners"":0},""anal"":{""virgin"":true,""first"":""none"",""encounters"":0,""partners"":0},""oralPitchMale"":{""virgin"":true,""first"":""none"",""encounters"":0,""partners"":0},""oralReceiveMale"":{""virgin"":true,""first"":""none"",""encounters"":0,""partners"":0},""oralPitchFemale"":{""virgin"":true,""first"":""none"",""encounters"":0,""partners"":0},""oralReceiveFemale"":{""virgin"":true,""first"":""none"",""encounters"":0,""partners"":0}},""whitefeather"":false,""attractedToBoys"":true,""attractedToGirls"":false},""dynamic"":{""lust"":0,""arousal"":0,""ovulationCycleCurrent"":0,""timeSince"":{""sex"":0,""orgasm"":0,""masturbation"":0,""kiss"":0,""embrace"":0,""fondle"":0,""massage"":0}},""sensitivity"":{""head"":1,""forehead"":1,""cheeks"":1,""lips"":1,""chin"":1,""neckNape"":1,""neckSide"":1,""throat"":1,""clavicle"":1,""breast"":1,""areola"":1,""nipple"":1,""shoulder"":1,""armUpper"":1,""armLower"":1,""wrist"":1,""handBack"":1,""handPalm"":1,""handFinger"":1,""sternum"":1,""bellyUpper"":1,""bellyButton"":1,""bellyLower"":1,""backUpper"":1,""backLower"":1,""oblique"":1,""iliacRegion"":1,""monsVenus"":1,""labiaMajora"":1,""labiaMinor"":1,""clitoris"":1,""urethra"":1,""vaginaShallow"":1,""vaginaDeep"":1,""perinium"":1,""buttockMain"":1,""buttockUnderside"":1,""anus"":1,""rectumShallow"":1,""rectumDeep"":1,""hips"":1,""thighInner"":1,""thighBack"":1,""thighFront"":1,""calf"":1,""kneeFront"":1,""kneeBack"":1,""ankle"":1,""footTop"":1,""footBottom"":1,""footToe"":1}  }",{},{},"{""fullbodyDamaged"": ""resources/WhitefeatherPictures/Ninian/ninian_fullbody_damaged.png"", ""fullbodyStanding"": ""resources/WhitefeatherPictures/Ninian/ninian_fullbody_standing.png"", ""fullbodyAttacking"": ""resources/WhitefeatherPictures/Ninian/ninian_fullbody_attacking.png"", ""fullbodyAttackingSpecial"": ""resources/WhitefeatherPictures/Ninian/ninian_fullbody_attacking_special.png""}",518,502,503,504,505,506,507,508,500,509,510,511,501,512,513,514,515,516,517
Lucius,M,22,67,139,A travelling acolyte. Gentle and serene.,"{""base"": {""luck"": 9, ""magic"": 17, ""skill"": 14, ""speed"": 16, ""health"": 27, ""reflex"": 12, ""agility"": 14, ""defense"": 2, ""staminaCap"": 64, ""staminaCurrent"": 64, ""movement"": 5, ""strength"": 7, ""resistance"": 16, ""constitution"": 6}, ""weaponSkill"": {""legs"": 0, ""1hAxe"": 0, ""2hAxe"": 0, ""flail"": 0, ""hands"": 0, ""lance"": 0, ""1hMace"": 0, ""2hMace"": 0, ""dagger"": 0, ""1hSword"": 0, ""2hSword"": 0, ""javelin"": 0, ""longbow"": 0, ""shortbow"": 0, ""recurveBow"": 0, ""unequipped"": 1, ""throwingAxe"": 0, ""throwingKnife"": 0,""staff"":60}}","{""static"":{""allure"":1,""charisma"":1,""libido"":1,""submissive"":false,""dominance"":1,""experience"":{""consumate"":{""virgin"":true,""first"":""none"",""encounters"":0,""partners"":0},""oralPitchFemale"":{""virgin"":true,""first"":""none"",""encounters"":0,""partners"":0},""oralReceiveFemale"":{""virgin"":true,""first"":""none"",""encounters"":0,""partners"":0},""analPitchFemale"":{""virgin"":true,""first"":""none"",""encounters"":0,""partners"":0}},""attractedToBoys"":false,""attractedToGirls"":true},""dynamic"":{""lust"":0,""arousal"":0,""timeSince"":{""sex"":0,""orgasm"":0,""masturbation"":0,""kiss"":0,""embrace"":0,""fondle"":0,""massage"":0}},""sensitivity"":{""head"":1,""forehead"":1,""cheeks"":1,""lips"":1,""chin"":1,""neckNape"":1,""neckSide"":1,""throat"":1,""clavicle"":1,""breast"":1,""areola"":1,""nipple"":1,""shoulder"":1,""armUpper"":1,""armLower"":1,""wrist"":1,""handBack"":1,""handPalm"":1,""handFinger"":1,""sternum"":1,""bellyUpper"":1,""bellyButton"":1,""bellyLower"":1,""backUpper"":1,""backLower"":1,""oblique"":1,""iliacRegion"":1,""urethra"":1,""penisHead"":1,""penisHeadUnderside"":1,""penisShaft"":1,""penisShaftUnderside"":1,""testicles"":1,""perinium"":1,""buttockMain"":1,""buttockUnderside"":1,""anus"":1,""rectumShallow"":1,""rectumDeep"":1,""hip"":1,""thighInner"":1,""thighBack"":1,""thighFront"":1,""calf"":1,""kneeFront"":1,""kneeBack"":1,""ankle"":1,""footTop"":1,""footBottom"":1,""footToe"":1}  }",{},{},"{""fullbodyDamaged"": ""resources/WhitefeatherPictures/Lucius/lucius_fullbody_damaged.png"", ""fullbodyStanding"": ""resources/WhitefeatherPictures/Lucius/lucius_fullbody_standing.png"", ""fullbodyAttacking"": ""resources/WhitefeatherPictures/Lucius/lucius_fullbody_attacking.png"", ""fullbodyAttackingSpecial"": ""resources/WhitefeatherPictures/Lucius/lucius_fullbody_attacking_special.png""}",418,402,403,404,405,406,407,408,400,409,410,411,401,412,413,414,415,416,417
Wallace,M,41,71,210,A retired knight of Caelin. Constantly testing himself.,"{""base"": {""luck"": 15, ""magic"": 6, ""skill"": 11, ""speed"": 9, ""health"": 37, ""reflex"": 7, ""agility"": 8, ""defense"": 20, ""staminaCap"": 118, ""staminaCurrent"": 118, ""movement"": 5, ""strength"": 18, ""resistance"": 6, ""constitution"": 15}, ""weaponSkill"": {""legs"": 0, ""1hAxe"": 0, ""2hAxe"": 0, ""flail"": 0, ""hands"": 0, ""lance"": 0, ""1hMace"": 0, ""2hMace"": 0, ""dagger"": 0, ""1hSword"": 0, ""2hSword"": 0, ""javelin"": 0, ""longbow"": 0, ""shortbow"": 0, ""recurveBow"": 0, ""unequipped"": 1, ""throwingAxe"": 0, ""throwingKnife"": 0,""staff"":1}}","{""static"":{""allure"":1,""charisma"":1,""libido"":0.5,""submissive"":false,""dominance"":1,""experience"":{""consumate"":{""virgin"":true,""first"":""none"",""encounters"":0,""partners"":0},""oralPitchFemale"":{""virgin"":true,""first"":""none"",""encounters"":0,""partners"":0},""oralReceiveFemale"":{""virgin"":true,""first"":""none"",""encounters"":0,""partners"":0},""analPitchFemale"":{""virgin"":true,""first"":""none"",""encounters"":0,""partners"":0}},""attractedToBoys"":false,""attractedToGirls"":true},""dynamic"":{""lust"":0,""arousal"":0,""timeSince"":{""sex"":0,""orgasm"":0,""masturbation"":0,""kiss"":0,""embrace"":0,""fondle"":0,""massage"":0}},""sensitivity"":{""head"":1,""forehead"":1,""cheeks"":1,""lips"":1,""chin"":1,""neckNape"":1,""neckSide"":1,""throat"":1,""clavicle"":1,""breast"":1,""areola"":1,""nipple"":1,""shoulder"":1,""armUpper"":1,""armLower"":1,""wrist"":1,""handBack"":1,""handPalm"":1,""handFinger"":1,""sternum"":1,""bellyUpper"":1,""bellyButton"":1,""bellyLower"":1,""backUpper"":1,""backLower"":1,""oblique"":1,""iliacRegion"":1,""urethra"":1,""penisHead"":1,""penisHeadUnderside"":1,""penisShaft"":1,""penisShaftUnderside"":1,""testicles"":1,""perinium"":1,""buttockMain"":1,""buttockUnderside"":1,""anus"":1,""rectumShallow"":1,""rectumDeep"":1,""hip"":1,""thighInner"":1,""thighBack"":1,""thighFront"":1,""calf"":1,""kneeFront"":1,""kneeBack"":1,""ankle"":1,""footTop"":1,""footBottom"":1,""footToe"":1}  }",{},{},"{""fullbodyDamaged"": ""resources/WhitefeatherPictures/Wallace/wallace_fullbody_damaged.png"", ""fullbodyStanding"": ""resources/WhitefeatherPictures/Wallace/wallace_fullbody_standing.png"", ""fullbodyAttacking"": ""resources/WhitefeatherPictures/Wallace/wallace_fullbody_attacking.png"", ""fullbodyAttackingSpecial"": ""resources/WhitefeatherPictures/Wallace/wallace_fullbody_attacking_special.png""}",618,602,603,604,605,606,607,608,600,609,610,611,601,612,613,614,615,616,617
Natalie,F,27,65,130,"Dorcas's wife. A thoughtful, kind woman with a limp.","{""base"": {""luck"": 16, ""magic"": 6, ""skill"": 12, ""speed"": 6, ""health"": 22, ""reflex"": 8, ""agility"": 4, ""defense"": 3, ""staminaCap"": 47, ""staminaCurrent"": 47, ""movement"": 4, ""strength"": 4, ""resistance"": 6, ""constitution"": 5}, ""weaponSkill"": {""legs"": 0, ""1hAxe"": 0, ""2hAxe"": 0, ""flail"": 0, ""hands"": 0, ""lance"": 0, ""1hMace"": 0, ""2hMace"": 0, ""dagger"": 0, ""1hSword"": 0, ""2hSword"": 0, ""javelin"": 0, ""longbow"": 0, ""shortbow"": 0, ""recurveBow"": 0, ""unequipped"": 1, ""throwingAxe"": 0, ""throwingKnife"": 0,""staff"":15}}","{""static"":{""allure"":1,""charisma"":1,""libido"":1.5,""submissive"":true,""dominance"":1,""ovulationCycleLength"":28,""experience"":{""vaginal"":{""virgin"":true,""first"":""none"",""encounters"":0,""partners"":0},""anal"":{""virgin"":true,""first"":""none"",""encounters"":0,""partners"":0},""oralPitchMale"":{""virgin"":true,""first"":""none"",""encounters"":0,""partners"":0},""oralReceiveMale"":{""virgin"":true,""first"":""none"",""encounters"":0,""partners"":0},""oralPitchFemale"":{""virgin"":true,""first"":""none"",""encounters"":0,""partners"":0},""oralReceiveFemale"":{""virgin"":true,""first"":""none"",""encounters"":0,""partners"":0}},""whitefeather"":false,""attractedToBoys"":true,""attractedToGirls"":false},""dynamic"":{""lust"":0,""arousal"":0,""ovulationCycleCurrent"":0,""timeSince"":{""sex"":0,""orgasm"":0,""masturbation"":0,""kiss"":0,""embrace"":0,""fondle"":0,""massage"":0}},""sensitivity"":{""head"":1,""forehead"":1,""cheeks"":1,""lips"":1,""chin"":1,""neckNape"":1,""neckSide"":1,""throat"":1,""clavicle"":1,""breast"":1,""areola"":1,""nipple"":1,""shoulder"":1,""armUpper"":1,""armLower"":1,""wrist"":1,""handBack"":1,""handPalm"":1,""handFinger"":1,""sternum"":1,""bellyUpper"":1,""bellyButton"":1,""bellyLower"":1,""backUpper"":1,""backLower"":1,""oblique"":1,""iliacRegion"":1,""monsVenus"":1,""labiaMajora"":1,""labiaMinor"":1,""clitoris"":1,""urethra"":1,""vaginaShallow"":1,""vaginaDeep"":1,""perinium"":1,""buttockMain"":1,""buttockUnderside"":1,""anus"":1,""rectumShallow"":1,""rectumDeep"":1,""hips"":1,""thighInner"":1,""thighBack"":1,""thighFront"":1,""calf"":1,""kneeFront"":1,""kneeBack"":1,""ankle"":1,""footTop"":1,""footBottom"":1,""footToe"":1}  }",{},{},"{""fullbodyDamaged"": ""resources/WhitefeatherPictures/Natalie/natalie_fullbody_damaged.png"", ""fullbodyStanding"": ""resources/WhitefeatherPictures/Natalie/natalie_fullbody_standing.png"", ""fullbodyAttacking"": ""resources/WhitefeatherPictures/Natalie/natalie_fullbody_attacking.png"", ""fullbodyAttackingSpecial"": ""resources/WhitefeatherPictures/Natalie/natalie_fullbody_attacking_special.png""}",478,462,463,464,465,466,467,468,460,469,470,471,461,472,473,474,475,476,477
Sapphira,F,17,65,120,A young lady from Araphen. Longs to live outside the city.,"{""base"": {""luck"": 12, ""magic"": 10, ""skill"": 2, ""speed"": 7, ""health"": 19, ""reflex"": 6, ""agility"": 7, ""defense"": 2, ""staminaCap"": 35, ""staminaCurrent"": 35, ""movement"": 5, ""strength"": 2, ""resistance"": 7, ""constitution"": 4}, ""weaponSkill"": {""legs"": 0, ""1hAxe"": 0, ""2hAxe"": 0, ""flail"": 0, ""hands"": 0, ""lance"": 0, ""1hMace"": 0, ""2hMace"": 0, ""dagger"": 0, ""1hSword"": 0, ""2hSword"": 0, ""javelin"": 0, ""longbow"": 0, ""shortbow"": 0, ""recurveBow"": 0, ""unequipped"": 1, ""throwingAxe"": 0, ""throwingKnife"": 0,""staff"":15}}","{""static"":{""allure"":1,""charisma"":1,""libido"":2.1,""submissive"":true,""dominance"":1,""ovulationCycleLength"":28,""experience"":{""vaginal"":{""virgin"":true,""first"":""none"",""encounters"":0,""partners"":0},""anal"":{""virgin"":true,""first"":""none"",""encounters"":0,""partners"":0},""oralPitchMale"":{""virgin"":true,""first"":""none"",""encounters"":0,""partners"":0},""oralReceiveMale"":{""virgin"":true,""first"":""none"",""encounters"":0,""partners"":0},""oralPitchFemale"":{""virgin"":true,""first"":""none"",""encounters"":0,""partners"":0},""oralReceiveFemale"":{""virgin"":true,""first"":""none"",""encounters"":0,""partners"":0}},""whitefeather"":false,""attractedToBoys"":true,""attractedToGirls"":false},""dynamic"":{""lust"":0,""arousal"":0,""ovulationCycleCurrent"":0,""timeSince"":{""sex"":0,""orgasm"":0,""masturbation"":0,""kiss"":0,""embrace"":0,""fondle"":0,""massage"":0}},""sensitivity"":{""head"":1,""forehead"":1,""cheeks"":1,""lips"":1,""chin"":1,""neckNape"":1,""neckSide"":1,""throat"":1,""clavicle"":1,""breast"":1,""areola"":1,""nipple"":1,""shoulder"":1,""armUpper"":1,""armLower"":1,""wrist"":1,""handBack"":1,""handPalm"":1,""handFinger"":1,""sternum"":1,""bellyUpper"":1,""bellyButton"":1,""bellyLower"":1,""backUpper"":1,""backLower"":1,""oblique"":1,""iliacRegion"":1,""monsVenus"":1,""labiaMajora"":1,""labiaMinor"":1,""clitoris"":1,""urethra"":1,""vaginaShallow"":1,""vaginaDeep"":1,""perinium"":1,""buttockMain"":1,""buttockUnderside"":1,""anus"":1,""rectumShallow"":1,""rectumDeep"":1,""hips"":1,""thighInner"":1,""thighBack"":1,""thighFront"":1,""calf"":1,""kneeFront"":1,""kneeBack"":1,""ankle"":1,""footTop"":1,""footBottom"":1,""footToe"":1}  }",{},{},"{""fullbodyDamaged"": ""resources/WhitefeatherPictures/Sapphira/sapphira_fullbody_damaged.png"", ""fullbodyStanding"": ""resources/WhitefeatherPictures/Sapphira/sapphira_fullbody_standing.png"", ""fullbodyAttacking"": ""resources/WhitefeatherPictures/Sapphira/sapphira_fullbody_attacking.png"", ""fullbodyAttackingSpecial"": ""resources/WhitefeatherPictures/Sapphira/sapphira_fullbody_attacking_special.png""}",578,562,563,564,565,566,567,568,560,569,570,571,561,572,573,574,575,576,577
